customerID,name,email,phone
1,Eric Bray,sodales@nonenimcommodo.com,862-2788
2,Charles Mcfadden,quam.Pellentesque.habitant@inconsequatenim.org,1-633-301-9620
3,Cherokee Hayden,litora.torquent@Etiambibendum.ca,1-709-275-2800
4,Oleg Acosta,libero@vulputatelacusCras.net,820-4421
5,Meredith Copeland,nunc.sit@sapienCrasdolor.com,626-7145
6,Cain Scott,luctus@fringillapurusmauris.co.uk,265-1226
7,Isabelle Steele,Donec@anteblandit.edu,1-401-342-0805
8,Amos Bird,malesuada@magna.co.uk,1-552-824-3876
9,Jenette Greer,urna.et@eros.net,1-173-254-6636
10,Roth Roberts,Aliquam@nulla.co.uk,1-762-255-5809
11,Ann Rodriguez,lectus.ante@dictumplacerat.org,674-8263
12,Velma Powers,non@diamPellentesquehabitant.co.uk,830-6826
13,Shay Pena,diam.Proin@dolor.co.uk,1-197-496-9702
14,Jolene Mathews,netus.et.malesuada@loremvehiculaet.co.uk,386-0715
15,Quyn Hill,Donec@Duis.co.uk,1-801-866-5008
16,Jessamine Haynes,orci.Ut@sapien.org,421-8153
17,Aiko Lynch,dictum@necligula.edu,459-9023
18,Daria Travis,urna.Ut@in.co.uk,1-497-133-4952
19,Oren Lindsay,sapien.molestie.orci@Nunclectus.net,1-829-373-0732
20,Gary Navarro,Morbi@sit.com,1-620-529-1587
21,Herman Oliver,ipsum.Suspendisse.sagittis@massaVestibulumaccumsan.org,272-4722
22,Hamilton Burnett,dolor@feugiatSed.com,212-6840
23,Whoopi Banks,Proin.vel@ipsumdolorsit.ca,1-445-872-7991
24,Ross Gaines,purus.gravida@fringillacursus.org,729-0808
25,Wanda Foreman,Cras@cursusvestibulumMauris.edu,100-1867
26,Bo Brooks,fermentum.risus.at@blanditviverraDonec.co.uk,768-5477
27,George Pate,Nam.ac.nulla@hendreritidante.net,665-1100
28,Gisela Schmidt,est.Mauris.eu@ametante.net,459-7958
29,Clinton Duncan,ipsum@FuscemollisDuis.net,1-127-460-0601
30,Blaine Dominguez,nibh@sitametdapibus.co.uk,535-0060
31,Brandon Riley,ultrices.mauris.ipsum@In.edu,1-506-505-2082
32,Philip Rocha,dapibus.gravida.Aliquam@Duiscursusdiam.edu,767-4947
33,Silas Mayer,libero.mauris.aliquam@diam.co.uk,486-4235
34,Clinton Clayton,ante.Vivamus@ametanteVivamus.ca,241-8379
35,Jacqueline Duran,augue.porttitor@ultriciesornare.co.uk,228-5530
36,Tucker Leon,mauris.Morbi@sedduiFusce.ca,762-8214
37,Vera Hoffman,nisi.Mauris@enimmitempor.edu,1-750-132-4121
38,Conan Blake,risus@in.com,852-6678
39,Edan Eaton,sagittis@metusIn.co.uk,537-5959
40,Jillian Wynn,diam.eu.dolor@egestas.ca,829-1291
41,Dahlia Flowers,tempus.non.lacinia@miDuisrisus.edu,1-724-154-3522
42,Gwendolyn Hyde,blandit.viverra@Duis.co.uk,812-3482
43,Anjolie Coleman,dictum.magna@sedturpisnec.org,1-625-873-9323
44,Sopoline Malone,fringilla@nonlaciniaat.net,1-854-414-8774
45,Linda Montgomery,imperdiet.erat@commodoauctorvelit.ca,266-5041
46,Dana Tillman,Suspendisse.eleifend@ridiculusmusDonec.net,1-294-307-2558
47,Jeremy Berger,quam@sed.co.uk,1-523-577-9245
48,Jaime Salazar,arcu@ipsumCurabitur.org,214-3350
49,Beatrice Espinoza,malesuada@euerosNam.ca,875-1107
50,Ariana Davis,sapien@Sed.co.uk,430-8434
51,Zeus Stein,Fusce.mollis@mifelisadipiscing.org,1-200-817-9062
52,Carl Holland,sit@Naminterdumenim.edu,1-372-679-7366
53,Willa Austin,erat.vitae@Integertincidunt.org,1-280-514-8933
54,Lee Madden,In@hendreritneque.edu,1-332-928-0766
55,Lana Valentine,dictum.sapien@nuncest.com,1-875-560-7608
56,Galvin Reilly,mi@vulputatemauris.ca,1-480-654-3406
57,Blake Parker,molestie@adipiscing.com,1-285-421-3484
58,Adam Delacruz,sit.amet@cursuset.net,963-8243
59,Kyla Murray,In.condimentum.Donec@enimSuspendissealiquet.co.uk,1-139-569-3782
60,Jordan Jennings,non.nisi@Aeneaneuismod.com,752-3310
61,Raja Kinney,rutrum.urna@sodalesMaurisblandit.com,1-934-315-4772
62,Sonia Douglas,tincidunt@vitaediam.ca,535-7106
63,Bianca Dotson,tellus.imperdiet.non@vitaesodalesat.co.uk,365-4269
64,Amity Gentry,fermentum@Donecfelis.ca,1-404-715-6780
65,Brian Villarreal,ac.fermentum@velitduisemper.ca,476-5990
66,Elvis Mejia,ligula.consectetuer@Sedeu.co.uk,242-9810
67,Merritt Cochran,aliquet.magna.a@sedest.edu,1-179-190-6298
68,Aline Pope,non.enim@ante.edu,852-3218
69,Trevor Downs,vitae.orci.Phasellus@dignissim.ca,349-5071
70,Jemima Gilmore,Duis.elementum@interdumCurabiturdictum.co.uk,1-377-710-1552
71,Ezra Salas,mauris.id@cursusnonegestas.edu,1-288-984-2740
72,Naida Greene,nisl.Maecenas.malesuada@Maurisblanditenim.net,1-833-747-8090
73,Macy Jordan,faucibus.orci@conubianostraper.org,1-163-303-6542
74,Gregory Craig,sociis.natoque.penatibus@vestibulum.ca,1-531-139-2288
75,Yasir Ferrell,et.magnis.dis@Suspendissealiquetmolestie.com,1-944-530-3487
76,Michelle Woodard,est.mollis.non@ridiculusmus.co.uk,122-1595
77,Fulton Grimes,eleifend@eutellus.ca,1-291-423-0655
78,McKenzie Lamb,et.rutrum@vel.ca,764-5772
79,Maxwell Hogan,et.euismod.et@aliquam.edu,1-591-935-4369
80,Angelica Buchanan,natoque.penatibus.et@faucibusleo.edu,1-984-529-6403
81,Garrison Branch,bibendum.sed.est@Maurisquis.net,1-853-910-8968
82,Jerome Mercer,eu.augue@Sedetlibero.com,330-1995
83,Xyla Lawrence,enim.gravida@imperdiet.ca,870-4736
84,Carson Miles,eget.massa.Suspendisse@iaculisodio.org,1-895-936-1661
85,Davis Vance,ac@vitae.ca,1-914-830-6943
86,Jeanette Spencer,Nulla.facilisis@commodoat.ca,527-3503
87,Stephen Pennington,pellentesque@egetmassa.edu,1-419-654-3584
88,Marcia Elliott,Etiam.imperdiet@sedest.co.uk,149-7220
89,Malachi Santos,Proin.eget@ametconsectetuer.org,1-241-558-4267
90,Graham Castro,dui.quis.accumsan@aliquam.com,707-0193
91,Uta Mejia,faucibus@sagittisaugue.net,1-446-402-3530
92,Armand Sears,et@vitaedolor.edu,521-6607
93,Holmes Wooten,Cras.interdum@ametconsectetuer.com,1-512-242-1862
94,Ariana Mayo,consequat.dolor.vitae@ut.com,356-8410
95,Hall Walker,erat.Sed.nunc@facilisis.ca,1-861-315-0469
96,Beck Leonard,parturient.montes.nascetur@ultricesiaculisodio.edu,1-786-625-8679
97,Jack Klein,turpis.nec.mauris@quamafelis.net,1-872-638-5509
98,Asher Mcfarland,ultricies.ornare@conguea.edu,891-4054
99,Upton Hamilton,egestas.Fusce.aliquet@pretium.org,509-5044
100,Jakeem Santos,vulputate.velit@mauriserat.ca,1-598-967-1945101
101,Michael Barnes,mbarnes@asumh.edu,870 508-6131
